customer_id,purchase_frequency,average_spend,last_purchase_days,view_count,wishlist_count,cart_count,session_count,review_count,churn
C0001,9,1378.45,89,60,29,19,86,4,0
C0002,9,12731.11,69,152,15,18,38,7,1
C0003,12,3859.97,27,175,26,0,29,9,1
C0004,4,872.68,13,188,17,12,44,4,0
C0005,9,8214.41,49,56,17,10,30,4,0
C0006,6,14880.77,113,28,14,6,84,5,1
C0007,9,4675.46,17,42,13,14,57,5,0
C0008,4,13010.39,165,69,18,0,92,4,0
C0009,9,4477.51,79,166,13,12,69,6,0
C0010,10,3033.63,23,158,12,6,80,10,1
C0011,5,1897.63,87,42,22,15,79,4,1
C0012,9,4911.44,6,107,9,6,91,1,0
C0013,12,7245.98,127,40,17,6,14,8,0
C0014,3,9264.25,171,121,5,8,46,3,1
C0015,3,7412.75,62,220,8,3,82,0,1
C0016,10,5769.61,177,161,30,3,83,10,0
C0017,8,5329.35,92,181,17,20,4,1,0
C0018,12,11248.93,129,53,24,9,81,9,0
C0019,8,5893.08,180,72,28,10,3,0,0
C0020,6,877.2,87,83,12,16,49,3,0
C0021,11,12678.97,117,55,7,6,97,2,1
C0022,8,9639.25,93,202,16,20,73,4,0
C0023,8,12378.13,145,149,2,18,2,6,1
C0024,12,8071.25,139,128,20,3,11,4,0
C0025,6,5400.93,167,24,23,6,10,0,0
C0026,6,1227.66,51,14,7,7,22,5,0
C0027,5,3825.35,27,78,13,19,43,1,0
C0028,2,12562.21,31,68,6,7,34,0,1
C0029,9,6242.35,177,143,1,3,34,7,1
C0030,6,6461.3,136,22,15,4,27,5,1
C0031,10,6093.13,88,208,15,7,61,8,1
C0032,11,11419.83,65,136,10,11,27,4,0
C0033,11,5917.35,97,224,8,11,70,5,0
C0034,7,6601.07,33,75,23,8,73,4,0
C0035,6,14749.32,146,84,7,3,26,6,1
C0036,10,11212.84,170,84,11,19,70,1,1
C0037,6,9087.78,38,155,21,3,50,2,1
C0038,4,5713.28,168,52,18,10,99,0,0
C0039,11,8380.84,56,200,30,11,32,9,0
C0040,8,2197.35,100,216,19,18,45,6,1
C0041,3,7013.94,41,209,6,4,11,1,0
C0042,5,878.62,9,149,4,19,62,5,1
C0043,11,14196.96,80,60,13,19,21,5,1
C0044,7,8804.56,40,71,24,12,56,3,1
C0045,7,12217.05,135,122,30,9,43,2,1
C0046,6,8211.84,81,43,3,7,46,3,0
C0047,12,5400.3,9,19,2,18,77,3,1
C0048,3,9829.97,124,90,17,15,47,3,1
C0049,9,13045.78,179,39,17,4,15,3,0
C0050,5,3685.69,55,72,14,0,8,0,1
C0051,9,339.81,119,166,5,17,46,9,1
C0052,8,7408.18,145,11,7,1,5,6,0
C0053,5,13033.54,152,191,2,2,69,0,1
C0054,6,9773.93,164,236,16,2,82,0,0
C0055,11,1834.91,12,17,9,0,58,7,1
C0056,2,7918.71,126,75,20,9,35,2,1
C0057,6,7120.59,39,149,12,10,71,4,1
C0058,8,12159.57,133,235,17,5,38,2,1
C0059,6,13193.78,94,145,8,15,60,4,0
C0060,5,4084.94,170,51,20,5,70,3,1
C0061,9,13980.88,97,106,25,10,28,0,0
C0062,11,5625.71,126,240,28,9,70,8,1
C0063,9,10332.92,90,234,30,11,27,7,1
C0064,3,10821.32,13,124,15,10,22,1,0
C0065,8,13693.47,85,196,23,19,9,1,1
C0066,6,1137.94,151,173,7,15,29,5,1
C0067,14,11460.81,155,133,22,9,43,3,1
C0068,10,581.77,129,121,19,12,95,8,1
C0069,7,7659.11,16,63,16,18,55,6,1
C0070,10,4009.14,3,208,6,16,27,0,1
C0071,10,2414.86,80,62,18,0,70,2,1
C0072,8,10253.73,128,48,6,14,40,5,1
C0073,6,7165.16,97,103,25,6,59,6,0
C0074,7,8729.45,106,36,9,10,82,4,0
C0075,8,713.39,93,8,1,1,58,0,0
C0076,5,13670.6,20,62,15,5,78,3,1
C0077,7,11094.95,67,34,17,11,30,2,1
C0078,7,1098.92,130,193,21,8,45,7,0
C0079,8,7650.5,118,59,2,12,4,8,0
C0080,9,545.07,22,185,26,17,31,7,0
C0081,8,6698.8,83,132,17,9,30,6,0
C0082,8,8799.81,133,26,14,12,29,0,1
C0083,6,2220.89,130,117,5,13,51,5,1
C0084,8,14042.93,142,26,18,15,72,7,1
C0085,10,14773.27,70,180,16,18,68,1,0
C0086,9,3949.83,176,28,2,3,12,6,0
C0087,6,10625.36,2,156,22,1,39,6,0
C0088,5,4841.09,137,42,22,20,66,4,0
C0089,3,10183.52,123,172,25,19,4,3,0
C0090,9,6174.97,115,224,27,10,88,8,1
C0091,8,10361.2,130,125,25,5,42,8,0
C0092,9,2055.9,124,57,19,4,89,7,0
C0093,7,1633.6,112,51,11,8,88,7,0
C0094,10,4550.31,29,155,20,13,80,0,1
C0095,9,1114.86,18,77,0,16,20,5,0
C0096,6,7071.89,127,117,15,6,17,2,1
C0097,9,10726.65,61,170,2,19,71,6,1
C0098,7,10923.45,59,227,28,9,97,0,0
C0099,6,2170.21,37,30,8,2,65,3,0
C0100,8,8945.45,171,105,4,14,30,1,1
C0101,10,11421.13,50,146,21,9,10,2,1
C0102,11,11029.88,69,8,7,8,36,4,0
C0103,6,13271.42,12,241,1,1,16,6,0
C0104,4,5593.46,88,10,10,1,89,4,1
C0105,3,2376.28,18,48,11,10,29,3,0
C0106,8,7598.78,53,204,3,3,6,0,0
C0107,7,1855.33,53,246,5,3,83,3,1
C0108,12,11185.49,48,119,17,8,49,9,1
C0109,6,847.16,28,217,26,14,79,0,0
C0110,7,13522.84,123,226,1,8,3,4,1
C0111,10,8661.55,17,130,7,9,99,8,1
C0112,10,7433.42,49,50,5,7,55,4,1
C0113,12,9386.11,121,145,0,19,58,7,1
C0114,5,8209.99,39,57,25,13,57,0,1
C0115,8,14706.08,58,97,26,6,13,6,1
C0116,10,6995.34,28,192,26,14,96,7,0
C0117,12,709.26,99,51,6,6,39,2,0
C0118,12,8367.06,114,24,15,16,81,2,1
C0119,5,3085.93,79,77,6,9,49,3,0
C0120,8,5992.52,89,100,29,19,87,7,1
C0121,10,2416.85,162,79,21,7,34,10,1
C0122,8,5405.14,44,132,11,16,60,2,0
C0123,11,2020.85,40,23,2,17,54,2,1
C0124,7,10677.98,55,133,16,3,22,4,0
C0125,9,8526.37,141,27,18,9,40,7,0
C0126,10,3047.54,77,41,16,20,45,2,1
C0127,8,1201.75,19,72,25,5,58,4,1
C0128,11,4492.61,145,187,13,3,27,4,1
C0129,9,6949.59,56,232,16,20,47,7,1
C0130,9,3108.61,155,125,13,2,64,0,0
C0131,9,2016.19,107,128,5,3,89,6,0
C0132,5,5757.68,90,204,18,15,71,5,0
C0133,11,7009.28,31,59,28,8,11,1,0
C0134,12,3818.74,43,158,6,5,95,9,0
C0135,9,4403.42,24,18,3,4,76,7,0
C0136,8,7899.99,81,190,21,6,43,2,1
C0137,13,7052.39,49,133,8,19,54,2,0
C0138,8,3691.8,16,133,18,4,84,5,1
C0139,7,14021.79,152,136,4,3,78,0,1
C0140,13,7919.29,71,60,22,11,26,10,0
C0141,7,13614.62,14,168,3,20,80,7,1
C0142,9,5518.72,39,25,0,14,5,3,0
C0143,12,8044.21,141,146,10,9,97,2,1
C0144,7,10097.93,48,205,1,4,2,3,1
C0145,10,14444.28,72,180,17,12,16,4,1
C0146,10,5165.58,159,46,22,3,62,5,1
C0147,7,13670.92,128,203,25,18,32,1,1
C0148,6,11072.72,160,186,1,7,60,0,1
C0149,4,1404.31,132,103,29,9,48,2,0
C0150,9,1996.42,128,214,29,18,73,7,0
C0151,8,3465.78,175,114,10,19,9,3,0
C0152,7,6224.67,76,77,12,15,27,5,0
C0153,4,8669.22,66,14,13,5,78,1,0
C0154,2,4568.41,152,162,29,12,63,2,0
C0155,9,7781.44,33,34,26,11,16,1,1
C0156,7,6376.13,172,79,28,19,55,7,1
C0157,9,14219.47,15,197,21,2,55,3,0
C0158,8,5839.12,111,105,22,11,31,3,1
C0159,4,835.45,13,160,26,18,65,3,1
C0160,8,438.47,105,14,3,3,76,1,0
C0161,5,14011.74,89,103,19,16,15,0,1
C0162,10,523.06,175,176,15,13,94,7,1
C0163,5,585.86,142,195,20,9,94,0,1
C0164,6,4675.88,147,156,12,10,60,5,1
C0165,5,9009.5,175,42,6,16,71,3,1
C0166,4,3897.75,39,160,29,4,68,1,0
C0167,4,10604.87,23,195,12,7,45,2,1
C0168,7,2684.1,32,90,9,10,58,4,0
C0169,9,6812.69,97,36,19,18,98,4,0
C0170,11,12938.29,78,96,25,12,44,2,1
C0171,8,11767.24,93,200,9,2,3,8,1
C0172,9,4196.81,83,60,14,6,11,5,1
C0173,8,7783.97,38,173,3,10,70,8,1
C0174,7,8331.94,113,50,23,17,44,7,1
C0175,10,9118.32,24,159,4,5,95,10,0
C0176,13,12309.91,56,35,21,4,48,10,1
C0177,7,4731.41,60,145,0,0,34,5,1
C0178,11,9748.82,131,53,18,10,30,1,0
C0179,7,11902.57,178,41,13,9,16,0,1
C0180,5,14249.07,145,130,24,14,95,2,1
C0181,9,1031.78,52,221,30,10,85,3,0
C0182,8,498.7,80,84,20,3,20,0,0
C0183,10,13543.34,2,110,11,7,44,9,1
C0184,10,4458.42,80,15,0,13,8,4,1
C0185,7,5645.09,59,168,2,16,40,1,1
C0186,7,9358.93,69,72,25,20,52,4,1
C0187,7,638.79,131,71,4,18,30,0,1
C0188,5,10706.83,85,237,22,3,22,4,1
C0189,10,5698.98,123,146,11,15,98,5,0
C0190,9,487.65,77,135,26,17,53,1,0
C0191,11,3427.09,53,11,0,4,93,7,1
C0192,10,7559.58,127,222,22,17,63,3,1
C0193,15,7005.53,85,171,19,7,43,4,1
C0194,5,11759.12,94,88,2,18,83,1,1
C0195,8,9573.51,71,37,30,11,12,7,0
C0196,8,14008.28,171,84,26,19,98,2,1
C0197,1,8157.95,45,12,1,12,34,0,1
C0198,10,11861.93,95,37,14,17,58,6,1
C0199,7,6891.6,144,80,16,4,65,2,1
C0200,14,944.55,94,246,12,9,90,8,1
C0201,7,2467.56,86,175,12,7,60,0,0
C0202,9,9749.19,66,14,4,14,78,7,0
C0203,8,7391.63,93,34,6,17,76,0,0
C0204,10,10755.61,5,233,13,13,69,6,1
C0205,7,1363.93,165,27,26,5,91,1,1
C0206,6,1713.05,75,213,22,18,61,5,1
C0207,2,9617.59,90,63,18,7,15,0,1
C0208,5,13844.86,164,80,8,3,93,5,1
C0209,9,9483.1,32,154,22,18,58,6,0
C0210,5,12108.58,163,177,12,9,67,5,1
C0211,6,8846.95,147,129,27,0,5,1,1
C0212,3,3733.63,144,28,4,8,78,2,1
C0213,5,1130.78,60,150,0,4,60,3,0
C0214,11,6256.66,84,118,30,3,39,4,1
C0215,10,12532.79,144,150,6,12,37,8,1
C0216,8,1113.39,80,238,28,11,58,5,1
C0217,10,6705.3,150,8,8,3,7,5,0
C0218,10,1405.47,173,39,27,6,10,4,0
C0219,6,12002.21,92,51,15,10,57,5,0
C0220,10,4945.27,81,40,2,0,28,4,0
C0221,8,5582.28,24,155,15,9,55,8,1
C0222,8,10491.47,38,135,5,15,67,6,1
C0223,6,4340.97,158,33,25,18,27,4,0
C0224,10,10417.91,8,36,19,9,14,2,1
C0225,12,5376.56,17,158,23,19,49,3,1
C0226,9,7007.99,21,238,9,2,33,3,0
C0227,6,9280.34,21,242,2,17,89,6,0
C0228,8,7232.65,76,127,21,18,26,8,0
C0229,10,14495.1,105,70,26,6,50,0,1
C0230,5,8460.85,124,83,9,14,43,4,0
C0231,10,3686.04,6,158,10,2,53,9,1
C0232,9,11211.96,50,18,15,10,43,0,1
C0233,10,1885.44,123,222,24,3,52,1,0
C0234,9,10641.87,51,14,5,13,6,9,1
C0235,7,10686.28,99,78,1,3,71,2,0
C0236,6,12143.86,62,103,28,0,69,3,0
C0237,6,1693.1,83,97,20,9,57,3,1
C0238,9,10256.37,157,164,23,15,12,5,1
C0239,14,10423.08,12,153,9,1,8,2,1
C0240,5,4905.16,71,125,28,20,60,5,0
C0241,6,10140.36,37,41,4,2,64,2,0
C0242,8,11965.0,56,130,30,11,49,2,1
C0243,6,8957.36,73,104,15,9,84,6,1
C0244,6,2175.25,61,46,12,11,86,1,1
C0245,8,7347.41,128,90,14,4,77,0,1
C0246,6,9194.99,122,91,2,11,64,2,1
C0247,9,2903.69,69,146,20,12,43,1,1
C0248,6,692.15,117,165,30,15,48,5,1
C0249,8,8103.63,59,93,24,15,53,5,0
C0250,11,4377.0,152,231,6,7,19,7,0
C0251,8,14400.76,115,13,10,3,41,7,0
C0252,9,7992.4,44,51,2,19,9,8,1
C0253,4,4846.24,51,127,4,12,33,0,1
C0254,6,10997.28,62,31,20,12,93,0,1
C0255,12,12697.59,144,12,12,6,46,7,1
C0256,6,3535.9,18,20,11,19,46,2,0
C0257,4,3944.61,9,28,14,3,14,2,0
C0258,5,7189.18,126,159,0,19,35,3,1
C0259,8,2010.32,60,154,23,16,86,2,0
C0260,11,8200.03,8,205,26,3,22,4,0
C0261,6,13347.18,84,38,11,0,25,3,0
C0262,9,9828.67,21,19,13,9,81,9,0
C0263,13,4516.94,2,242,2,17,22,5,0
C0264,6,7114.15,63,59,22,1,70,6,0
C0265,7,7951.65,131,243,25,20,32,1,0
C0266,10,3725.88,72,234,11,14,47,4,1
C0267,15,14221.49,143,143,14,12,97,4,0
C0268,11,7340.87,116,123,25,15,11,1,1
C0269,6,4007.68,46,215,27,9,48,3,0
C0270,4,6162.97,87,24,12,12,44,2,0
C0271,7,11923.33,130,160,9,16,91,2,1
C0272,15,11218.01,147,204,6,0,45,4,0
C0273,15,7365.85,130,125,10,7,14,4,1
C0274,4,9376.7,164,199,4,2,48,2,1
C0275,7,7530.58,47,226,20,19,27,2,0
C0276,6,6347.74,6,57,15,4,74,5,0
C0277,9,10122.26,5,20,16,5,97,3,1
C0278,5,5283.21,103,54,21,13,73,3,1
C0279,4,12732.45,78,176,0,0,45,3,0
C0280,6,13214.4,74,84,10,12,62,5,0
C0281,3,11765.42,109,107,22,12,31,0,1
C0282,9,13825.67,86,17,16,8,89,7,1
C0283,7,10519.88,63,76,2,17,36,6,1
C0284,3,1694.8,47,99,30,12,79,0,0
C0285,5,6603.93,4,60,3,1,92,3,1
C0286,9,9513.72,30,33,7,11,42,5,0
C0287,10,861.58,37,29,15,5,44,0,1
C0288,7,2469.01,180,44,7,7,98,1,0
C0289,9,6158.92,87,28,1,6,39,4,0
C0290,5,9683.62,107,185,24,16,86,0,0
C0291,5,6615.16,100,218,12,6,9,3,1
C0292,14,14290.95,109,21,7,12,53,9,1
C0293,7,2039.81,161,106,23,13,18,0,1
C0294,9,1788.6,57,230,3,5,63,6,1
C0295,4,7952.39,50,212,21,16,23,4,0
C0296,11,1940.43,54,210,7,14,82,4,0
C0297,9,7723.91,47,13,1,0,92,4,1
C0298,15,5869.64,124,150,20,9,25,7,1
C0299,9,4582.02,145,113,0,5,70,8,0
C0300,17,10734.13,148,213,16,3,6,6,0
C0301,9,2802.96,102,135,7,8,3,1,0
C0302,8,8486.8,146,210,18,13,41,0,0
C0303,7,1418.67,20,7,4,1,16,2,0
C0304,2,2759.33,154,213,23,1,10,1,0
C0305,11,7732.11,74,99,14,6,37,7,1
C0306,9,644.85,112,234,23,2,84,5,0
C0307,7,13387.45,140,223,8,9,4,2,0
C0308,5,2159.26,114,17,2,14,87,3,1
C0309,6,3953.48,124,161,14,18,91,3,1
C0310,11,3528.4,72,73,6,15,56,4,0
C0311,19,9559.83,70,234,2,15,77,3,1
C0312,6,13245.83,7,111,3,4,39,2,0
C0313,11,14667.33,115,11,1,5,80,0,1
C0314,11,14976.79,100,228,0,20,17,2,1
C0315,8,7945.22,25,42,20,18,51,1,0
C0316,6,3926.32,43,183,13,17,64,0,1
C0317,8,8826.57,95,91,24,6,28,5,1
C0318,6,6285.45,126,117,20,3,54,6,1
C0319,5,9093.28,16,98,5,5,46,4,1
C0320,7,4317.93,171,61,24,10,55,0,1
C0321,7,14590.85,13,51,11,8,33,1,1
C0322,7,12430.34,81,37,30,17,91,4,1
C0323,9,2779.91,107,212,4,15,8,2,1
C0324,4,11368.83,87,115,16,13,72,3,1
C0325,5,7124.8,39,106,1,10,40,5,1
C0326,9,8304.61,77,52,30,17,82,0,1
C0327,8,5641.59,77,208,11,1,58,8,0
C0328,4,9180.5,78,13,6,2,94,2,1
C0329,5,6928.34,76,44,18,14,66,2,1
C0330,12,457.17,154,222,3,7,66,10,1
C0331,7,2602.72,62,89,15,5,68,0,1
C0332,7,3602.51,18,85,5,12,88,5,0
C0333,4,11882.73,118,38,6,8,6,1,1
C0334,10,13845.07,124,25,14,18,49,8,0
C0335,6,10521.71,66,79,12,9,68,4,0
C0336,2,7408.82,17,44,9,1,45,2,1
C0337,8,7935.9,175,238,20,6,68,1,1
C0338,6,8810.07,93,215,18,5,84,4,0
C0339,8,13742.27,124,17,2,17,97,2,1
C0340,8,6192.42,161,139,20,19,53,7,0
C0341,2,6928.28,10,156,28,13,19,1,0
C0342,6,10861.36,14,241,28,9,51,4,1
C0343,6,12677.76,134,23,17,15,88,2,1
C0344,3,12822.75,80,195,9,13,78,0,0
C0345,6,14877.59,16,13,8,4,74,2,1
C0346,11,11969.39,159,214,7,13,82,4,1
C0347,7,4016.97,45,228,1,12,10,5,0
C0348,10,4070.37,141,200,17,10,58,3,0
C0349,5,7675.18,106,232,14,9,86,5,1
C0350,7,10866.48,5,110,21,20,14,0,0
C0351,10,399.75,71,205,21,20,13,6,0
C0352,12,807.21,141,44,10,17,58,2,1
C0353,10,10797.74,141,222,30,19,40,6,1
C0354,14,14463.22,57,58,19,15,63,3,1
C0355,4,4180.22,108,21,14,17,49,4,0
C0356,10,345.89,30,221,12,15,40,0,1
C0357,4,2281.53,34,32,17,1,95,1,0
C0358,11,5627.74,117,241,17,6,67,4,1
C0359,12,14311.56,118,180,2,14,48,6,1
C0360,10,2889.46,14,159,26,18,32,8,0
C0361,6,9481.58,120,60,5,20,22,5,1
C0362,3,11120.41,144,109,12,11,92,2,0
C0363,7,8571.86,8,42,28,16,66,2,1
C0364,4,9748.37,121,84,12,19,52,4,1
C0365,8,9245.46,173,145,15,19,14,3,1
C0366,9,14683.87,80,157,27,14,25,5,0
C0367,9,8960.05,17,245,16,3,82,1,0
C0368,8,4164.35,147,226,22,14,79,1,1
C0369,4,3965.82,39,218,23,10,14,1,0
C0370,7,2052.66,84,50,23,6,91,4,1
C0371,11,11995.05,144,122,15,2,18,8,0
C0372,9,7927.68,94,211,18,20,16,1,0
C0373,8,1719.29,64,99,24,8,14,1,1
C0374,10,12811.33,112,201,19,8,73,10,0
C0375,13,3802.83,173,12,5,4,30,1,0
C0376,10,12521.82,27,139,11,9,30,10,1
C0377,7,895.17,106,102,27,8,3,6,1
C0378,9,6149.91,140,194,29,9,84,4,0
C0379,5,8899.38,58,83,22,16,27,3,0
C0380,11,8299.48,150,106,6,14,97,10,0
C0381,11,10726.3,107,28,1,7,34,6,1
C0382,9,9317.65,141,156,29,1,84,8,1
C0383,9,13933.12,14,35,1,15,69,0,0
C0384,6,9616.55,158,124,18,6,36,0,1
C0385,11,7842.12,154,119,11,1,18,2,0
C0386,12,11258.9,169,28,7,0,39,8,1
C0387,8,3788.57,68,28,3,3,46,1,1
C0388,7,5387.83,43,107,17,3,6,3,1
C0389,8,10498.0,59,100,5,1,57,7,1
C0390,4,9122.67,179,113,6,9,95,1,1
C0391,5,14618.26,167,172,21,2,56,0,1
C0392,8,7631.34,176,248,24,18,98,2,1
C0393,7,676.01,113,216,15,4,4,5,1
C0394,8,11568.39,55,121,15,16,64,8,0
C0395,9,12451.63,99,135,29,11,92,4,0
C0396,7,14405.72,119,169,27,5,13,2,1
C0397,7,8290.83,147,66,22,6,77,6,1
C0398,7,10665.16,137,195,14,12,23,7,1
C0399,8,3000.81,172,75,7,8,3,0,1
C0400,9,562.74,30,248,3,1,59,3,0
C0401,7,4803.27,55,161,14,18,92,0,1
C0402,8,13570.81,15,11,9,0,87,5,1
C0403,12,7430.31,144,126,27,17,23,8,1
C0404,10,11040.36,90,126,9,16,79,1,0
C0405,6,10997.33,81,88,6,10,8,3,0
C0406,9,1346.74,146,220,27,9,3,1,1
C0407,5,2255.08,36,182,2,0,18,5,1
C0408,10,4491.46,132,243,14,17,79,9,1
C0409,12,3386.0,128,156,10,19,18,4,1
C0410,5,12528.75,112,173,20,9,75,1,0
C0411,5,3034.7,105,108,12,16,20,3,0
C0412,9,4724.08,16,24,12,11,43,1,0
C0413,5,10827.08,150,161,30,8,62,4,0
C0414,5,9778.47,70,164,15,10,11,1,1
C0415,7,14248.3,96,231,30,12,73,7,1
C0416,6,13893.79,41,42,20,18,15,6,1
C0417,12,12873.12,7,139,17,17,3,1,1
C0418,7,6345.45,56,21,11,16,75,3,0
C0419,13,1496.99,18,97,2,19,39,3,0
C0420,6,12566.48,88,180,11,0,75,1,1
C0421,11,9874.4,25,214,18,11,83,9,0
C0422,7,12566.76,106,101,5,2,62,3,1
C0423,6,598.12,42,57,13,8,76,6,1
C0424,8,1488.45,75,215,27,0,60,4,0
C0425,8,8780.57,28,78,21,16,23,2,1
C0426,6,11453.97,21,68,11,7,57,3,1
C0427,9,7912.33,39,138,26,18,58,0,0
C0428,10,13162.16,29,100,9,12,48,6,0
C0429,7,527.59,63,69,6,18,27,3,1
C0430,7,2098.38,105,166,6,8,38,0,0
C0431,9,5772.51,145,99,6,16,93,5,0
C0432,4,3599.75,113,36,20,3,45,2,0
C0433,6,2592.01,174,188,8,12,88,5,1
C0434,9,10592.76,8,73,29,18,64,3,1
C0435,10,746.84,140,189,11,12,25,8,1
C0436,6,10920.18,134,77,0,11,59,5,0
C0437,12,11640.83,165,59,16,1,45,2,0
C0438,8,10042.02,164,180,22,14,45,2,0
C0439,5,12696.99,88,187,22,11,11,5,0
C0440,11,10108.5,86,59,8,11,49,3,0
C0441,8,11403.48,174,73,30,5,92,7,1
C0442,5,12597.93,155,117,16,15,22,1,1
C0443,9,6770.12,10,95,16,0,30,2,1
C0444,7,10124.97,38,47,20,20,92,5,1
C0445,5,8682.5,160,140,4,18,9,0,1
C0446,11,13041.79,119,39,14,2,8,1,1
C0447,5,5331.92,52,90,18,20,86,1,0
C0448,3,2238.0,169,58,0,1,5,1,1
C0449,3,14327.6,136,224,30,13,22,2,1
C0450,12,14194.27,34,247,22,2,18,5,0
C0451,8,6158.59,104,80,21,15,13,3,1
C0452,9,2171.59,159,107,14,7,95,9,0
C0453,12,13787.61,49,146,13,2,30,3,0
C0454,5,4905.86,159,35,30,1,20,4,1
C0455,11,12641.63,37,190,4,6,74,6,0
C0456,8,4575.7,3,83,20,9,34,3,0
C0457,8,14455.42,65,196,14,1,49,3,0
C0458,8,6080.49,178,33,9,6,10,4,1
C0459,8,4405.98,95,21,20,12,56,5,0
C0460,7,4922.81,15,40,27,14,76,7,1
C0461,11,6159.42,78,26,20,0,16,3,0
C0462,6,13987.63,157,248,13,2,72,3,0
C0463,11,1700.21,70,12,12,1,97,2,0
C0464,14,10944.8,45,248,13,15,56,8,0
C0465,10,7583.25,15,51,20,13,59,6,0
C0466,6,7584.21,30,94,6,6,96,4,0
C0467,8,13130.11,4,79,17,9,31,5,0
C0468,8,5970.04,134,224,9,4,63,8,1
C0469,7,11930.39,167,50,12,9,88,1,1
C0470,14,10991.2,74,115,6,6,75,3,0
C0471,7,2777.25,155,121,8,14,61,3,1
C0472,7,718.71,1,189,16,15,51,1,1
C0473,7,14229.76,25,106,25,11,26,0,1
C0474,10,2239.37,113,203,21,9,88,1,1
C0475,4,8192.45,162,116,10,12,98,0,1
C0476,9,11253.45,106,133,5,10,35,6,1
C0477,10,14778.59,1,172,16,20,87,1,1
C0478,9,14180.58,109,27,21,10,44,2,0
C0479,9,13073.77,5,120,15,20,27,5,0
C0480,11,14882.36,71,63,2,0,45,10,1
C0481,7,10971.74,29,232,2,19,71,2,1
C0482,9,8923.51,112,91,22,20,14,4,1
C0483,12,1736.24,74,164,16,5,80,8,0
C0484,10,8119.98,70,66,23,0,90,1,0
C0485,4,9542.55,30,94,19,15,68,0,1
C0486,10,10858.1,161,37,19,3,66,5,0
C0487,7,8542.46,7,30,10,10,11,4,0
C0488,8,3286.36,48,66,25,17,60,4,0
C0489,8,609.06,136,59,23,17,36,8,1
C0490,5,1673.45,110,30,21,11,33,2,1
C0491,9,10507.03,162,7,3,5,6,9,0
C0492,10,11351.44,113,118,1,3,52,10,1
C0493,6,8721.02,85,65,27,5,4,4,1
C0494,4,6266.55,7,108,5,6,51,0,0
C0495,7,11936.15,77,175,0,14,27,1,0
C0496,10,10114.81,66,228,30,10,87,2,1
C0497,4,4599.37,12,71,29,1,8,1,0
C0498,8,9721.48,67,107,29,9,53,8,1
C0499,5,3362.41,73,119,18,16,19,2,1
C0500,10,652.23,40,186,9,16,8,0,1
C0501,7,3894.26,119,39,17,20,20,4,1
C0502,12,1932.47,175,104,6,6,23,8,1
C0503,10,8815.24,83,185,23,1,23,3,1
C0504,7,8934.17,140,86,25,20,22,0,1
C0505,9,5063.21,47,214,21,17,11,5,1
C0506,5,6865.01,38,234,17,5,57,5,0
C0507,13,12365.5,169,155,4,6,58,9,1
C0508,17,4192.08,3,55,18,8,11,1,1
C0509,6,5874.42,112,140,27,16,41,0,0
C0510,4,783.74,68,82,13,5,62,0,0
C0511,4,13234.61,56,10,0,6,2,2,0
C0512,13,11719.42,65,69,9,17,48,1,0
C0513,5,13305.45,71,156,8,10,88,2,1
C0514,12,14733.6,15,21,17,18,20,7,1
C0515,9,12356.26,7,154,13,4,17,4,1
C0516,5,8934.29,72,72,29,18,88,1,0
C0517,3,2920.05,115,96,0,6,99,2,1
C0518,8,1061.22,119,143,0,18,55,8,1
C0519,9,9247.72,15,230,23,0,64,7,0
C0520,10,1645.57,143,10,1,7,57,0,1
C0521,11,4130.79,48,65,16,2,66,10,1
C0522,8,14589.02,82,245,18,15,44,1,0
C0523,11,14793.79,114,25,19,20,11,8,1
C0524,9,389.49,1,115,11,4,57,1,0
C0525,14,9043.21,1,215,6,3,77,3,0
C0526,7,6987.18,178,235,21,17,81,1,1
C0527,7,5237.93,56,59,19,17,26,3,0
C0528,10,1477.35,170,28,18,4,54,6,0
C0529,12,3765.57,105,200,4,8,46,9,0
C0530,8,9500.73,6,98,25,4,14,4,0
C0531,13,10269.28,131,199,27,13,53,9,1
C0532,8,1750.61,19,158,20,18,38,8,1
C0533,10,9495.68,82,61,6,15,49,6,0
C0534,10,2860.48,94,12,5,8,11,0,0
C0535,7,4853.66,73,154,0,4,74,4,0
C0536,5,10912.07,149,173,8,9,43,1,1
C0537,4,3897.12,64,236,25,11,58,4,1
C0538,4,11968.37,115,199,13,6,9,4,0
C0539,6,1685.86,38,189,4,3,3,3,0
C0540,5,13349.33,134,243,16,3,23,2,1
C0541,12,4105.66,136,165,9,17,36,10,1
C0542,7,1956.66,51,33,16,11,16,7,1
C0543,11,9538.88,105,23,1,18,67,7,0
C0544,2,8581.24,33,62,16,16,43,1,1
C0545,4,2846.09,119,73,4,3,18,4,1
C0546,11,5579.71,71,21,2,5,55,10,1
C0547,5,9528.64,151,200,20,20,2,0,1
C0548,12,8513.23,17,177,13,4,59,7,1
C0549,8,14938.93,119,9,3,0,7,5,1
C0550,8,14217.54,118,113,30,11,53,2,1
C0551,13,12095.55,7,96,16,2,64,5,1
C0552,11,8898.56,155,242,26,8,58,0,1
C0553,12,1479.05,88,66,18,16,75,1,1
C0554,6,13328.55,87,210,14,9,10,3,1
C0555,12,14146.82,47,177,21,4,79,4,0
C0556,12,1132.24,170,204,28,5,93,8,0
C0557,5,13301.73,123,209,3,5,97,4,1
C0558,8,2955.22,148,50,1,2,47,6,1
C0559,7,2775.6,30,35,1,18,21,6,1
C0560,6,13657.78,91,18,2,0,53,0,0
C0561,5,14230.48,120,194,25,15,68,2,0
C0562,9,3923.79,37,35,9,17,21,1,1
C0563,7,5051.71,145,103,15,4,53,1,0
C0564,15,8925.3,111,64,6,3,22,8,1
C0565,6,5909.17,136,161,20,16,89,1,1
C0566,11,5341.15,93,128,21,5,50,6,1
C0567,6,5147.05,109,72,17,1,85,5,0
C0568,6,970.04,131,242,23,0,49,1,1
C0569,6,8411.87,81,130,6,19,19,6,1
C0570,9,13315.95,109,76,6,12,66,5,1
C0571,8,327.53,38,142,21,17,92,5,1
C0572,7,6116.35,31,198,27,9,14,1,1
C0573,9,975.17,168,158,12,4,94,5,1
C0574,12,370.56,113,248,5,0,72,9,1
C0575,8,7449.35,180,45,18,5,3,0,1
C0576,3,6005.02,68,188,2,9,13,1,1
C0577,4,14007.69,145,161,3,17,77,0,1
C0578,6,8837.19,91,139,19,7,73,6,1
C0579,5,3040.28,8,114,18,18,73,1,0
C0580,8,9139.23,154,135,22,10,75,1,0
C0581,10,3745.76,51,236,2,13,59,8,1
C0582,10,13930.8,171,66,3,20,86,4,0
C0583,8,6876.48,42,39,5,2,42,2,1
C0584,10,12542.98,168,45,8,7,45,9,0
C0585,8,2233.42,148,9,6,1,57,1,1
C0586,10,558.21,18,181,7,14,18,6,0
C0587,7,9228.14,170,223,20,1,35,6,1
C0588,6,406.61,79,227,14,3,37,6,1
C0589,12,10622.54,169,183,20,14,14,4,0
C0590,9,7953.15,150,114,0,12,92,7,0
C0591,13,13432.12,160,81,14,17,71,6,1
C0592,4,11087.89,149,115,23,16,19,1,1
C0593,7,3097.46,156,168,17,5,67,2,0
C0594,6,3843.17,73,75,13,4,51,6,0
C0595,9,9809.85,110,161,1,1,28,5,1
C0596,6,14090.34,41,30,27,3,96,2,0
C0597,9,14548.63,117,43,29,4,82,1,1
C0598,4,13888.27,30,190,10,19,38,0,0
C0599,7,11457.1,156,160,23,9,85,0,1
C0600,9,14022.81,75,148,22,11,41,2,0
C0601,10,13660.67,67,66,11,0,42,3,1
C0602,5,7245.17,81,87,30,0,16,4,1
C0603,9,6542.85,60,56,21,6,50,9,0
C0604,8,2410.59,176,179,23,3,85,4,0
C0605,6,7639.21,49,82,23,15,97,4,1
C0606,8,9250.9,170,206,26,11,99,6,1
C0607,12,1067.98,39,214,12,4,51,6,1
C0608,1,7452.53,57,5,3,0,63,0,1
C0609,7,11202.42,43,202,22,7,64,1,0
C0610,7,3409.35,136,127,19,17,92,1,1
C0611,7,9579.95,121,92,24,13,52,5,0
C0612,7,9955.29,7,174,5,19,45,7,0
C0613,8,1708.34,167,19,0,8,99,0,1
C0614,8,3831.89,107,54,12,16,73,3,0
C0615,5,3571.19,89,233,26,0,86,2,1
C0616,11,838.49,12,130,8,13,94,4,0
C0617,9,14277.37,160,162,3,8,37,4,1
C0618,3,7190.38,31,165,22,8,82,1,1
C0619,9,2225.91,58,172,20,15,49,2,1
C0620,6,13175.52,62,232,26,18,44,4,1
C0621,13,7885.95,58,239,7,2,61,2,1
C0622,5,3307.99,78,18,16,15,37,1,0
C0623,4,1736.25,50,201,23,7,68,1,1
C0624,5,1895.36,69,170,3,16,54,4,0
C0625,8,11246.08,14,126,22,15,26,6,0
C0626,12,14396.82,50,203,19,16,81,10,0
C0627,6,5635.2,120,27,10,0,21,0,0
C0628,8,11239.24,146,237,18,9,87,0,1
C0629,9,9998.0,77,7,4,3,39,2,1
C0630,4,4518.95,64,122,25,2,92,1,1
C0631,13,14491.21,30,166,13,5,70,4,1
C0632,5,1765.02,131,201,24,18,43,5,1
C0633,6,2546.25,153,186,26,8,68,6,0
C0634,7,598.56,15,25,24,16,57,1,0
C0635,8,8059.31,44,195,1,14,22,7,1
C0636,8,3047.61,157,81,3,12,18,0,1
C0637,10,12455.78,176,78,2,3,7,6,1
C0638,7,5054.97,74,193,10,5,67,0,0
C0639,9,6398.01,78,149,7,1,91,5,1
C0640,9,4547.68,56,109,23,18,58,2,1
C0641,7,1660.87,162,247,16,17,82,1,1
C0642,6,12301.05,15,148,12,20,57,6,1
C0643,8,9521.67,59,235,16,3,44,2,1
C0644,8,5523.44,114,72,26,13,52,8,1
C0645,10,12622.88,55,167,13,6,58,2,0
C0646,1,1735.69,27,153,8,4,67,1,0
C0647,11,11372.58,71,142,24,11,59,8,0
C0648,7,13549.45,122,168,16,15,88,2,0
C0649,6,3136.14,119,146,26,14,65,2,0
C0650,12,3493.52,154,5,5,2,75,0,1
C0651,6,9907.41,43,204,21,9,98,6,1
C0652,8,2480.59,174,185,1,3,72,2,0
C0653,12,7536.17,78,116,19,15,84,7,0
C0654,4,2197.72,71,179,21,10,84,0,1
C0655,3,12458.74,177,116,3,9,55,2,1
C0656,16,2492.29,88,180,8,6,12,8,0
C0657,4,9572.1,89,113,2,11,25,4,0
C0658,8,1457.38,80,67,30,11,42,3,0
C0659,7,4525.62,106,178,25,20,88,4,1
C0660,8,2812.31,31,239,17,10,26,3,1
C0661,10,7256.26,151,51,30,11,86,3,1
C0662,8,4885.98,47,105,10,13,58,2,0
C0663,8,8558.43,111,184,22,2,38,8,1
C0664,8,11561.38,158,232,15,15,17,6,1
C0665,2,10436.28,62,139,6,7,20,0,0
C0666,7,14357.01,116,217,21,4,12,3,1
C0667,8,7472.98,97,79,12,0,35,8,1
C0668,8,9114.71,70,140,23,2,5,0,0
C0669,11,3049.41,140,167,6,8,90,5,1
C0670,7,2219.62,18,81,21,13,12,6,1
C0671,12,14841.34,93,156,29,7,98,3,0
C0672,4,14474.04,7,116,7,9,76,1,0
C0673,4,13503.85,125,161,2,12,77,2,1
C0674,9,3012.67,39,27,17,13,93,0,0
C0675,14,10267.67,63,240,14,11,91,8,0
C0676,7,7628.61,28,72,28,0,81,4,1
C0677,6,11903.88,151,175,21,3,28,1,0
C0678,7,13851.25,72,80,9,13,74,5,1
C0679,12,14368.0,5,195,28,15,99,8,0
C0680,10,1211.03,119,122,17,5,83,0,1
C0681,14,12456.82,121,105,22,12,48,0,0
C0682,6,1259.25,103,105,13,8,75,6,1
C0683,10,11690.29,86,209,9,16,63,10,0
C0684,8,11039.23,121,73,5,18,66,1,1
C0685,5,2170.6,87,166,27,7,14,3,1
C0686,4,4826.77,49,168,29,19,27,1,0
C0687,14,6104.4,54,65,12,15,68,10,0
C0688,8,12977.54,163,172,21,12,49,4,0
C0689,6,6408.73,28,171,0,7,84,4,1
C0690,9,1407.56,99,184,30,8,79,7,1
C0691,5,6519.77,60,64,28,3,2,2,0
C0692,5,14159.24,71,75,17,1,85,0,0
C0693,12,2167.68,153,190,13,13,67,5,1
C0694,9,14974.55,81,201,29,4,59,6,1
C0695,13,5957.39,6,219,2,4,34,10,0
C0696,11,8141.09,158,207,3,0,77,8,0
C0697,10,10339.54,24,160,21,12,17,3,1
C0698,6,2820.05,124,147,3,0,25,2,0
C0699,9,9793.77,10,239,4,8,70,2,0
C0700,7,10494.65,170,65,2,2,86,0,1
C0701,9,10159.58,2,5,1,0,8,7,0
C0702,8,10329.89,138,18,6,3,35,7,0
C0703,9,8677.58,18,60,22,2,7,5,0
C0704,9,12237.9,131,33,1,3,7,5,1
C0705,8,6303.64,58,242,29,16,53,1,0
C0706,13,2062.3,78,221,15,7,57,0,0
C0707,11,5201.82,159,194,7,12,81,1,1
C0708,12,11585.9,36,228,23,12,93,2,0
C0709,6,3288.28,124,162,10,14,58,0,0
C0710,4,551.27,159,33,26,3,78,0,0
C0711,6,8039.78,64,212,23,9,32,6,1
C0712,6,2469.82,16,33,18,2,44,6,0
C0713,6,14911.77,6,127,0,14,16,5,1
C0714,7,9276.1,174,102,1,14,60,1,0
C0715,10,308.15,79,143,21,1,25,5,0
C0716,6,8232.82,46,193,29,0,22,5,1
C0717,10,12528.09,144,104,24,8,66,4,0
C0718,7,482.52,132,117,3,18,90,0,1
C0719,7,8333.06,140,173,17,1,26,0,1
C0720,6,5271.69,26,42,2,3,60,1,0
C0721,5,7483.07,141,110,11,5,39,0,1
C0722,12,7261.24,48,98,14,20,80,8,1
C0723,11,5790.75,149,37,16,20,41,9,1
C0724,6,7635.11,174,78,6,0,59,6,0
C0725,4,8471.31,94,12,7,2,4,3,1
C0726,7,1425.82,132,168,17,15,15,0,1
C0727,13,5088.67,93,71,9,19,67,10,0
C0728,6,10289.45,4,24,7,0,45,6,0
C0729,10,13269.12,92,224,26,12,42,1,1
C0730,3,2965.3,120,246,30,7,4,0,0
C0731,9,1374.17,67,50,29,9,94,7,0
C0732,8,1137.13,175,40,28,17,10,8,0
C0733,8,9940.98,20,41,10,1,65,5,1
C0734,13,6096.81,147,211,0,9,66,10,0
C0735,10,2566.09,61,170,22,14,38,2,1
C0736,10,4546.11,98,60,3,16,11,6,0
C0737,2,9343.84,19,84,10,11,90,0,0
C0738,5,8176.67,178,99,12,6,22,0,1
C0739,13,13180.48,92,106,23,12,61,3,1
C0740,6,11362.02,28,244,3,8,61,1,1
C0741,8,3228.78,123,205,4,3,94,0,1
C0742,7,9398.16,59,238,18,19,10,5,0
C0743,6,3258.42,159,143,5,5,33,6,0
C0744,7,4493.38,27,52,23,17,28,5,0
C0745,4,3402.52,3,156,0,5,20,2,1
C0746,6,9902.5,20,212,9,1,44,1,0
C0747,8,3003.48,8,59,26,9,58,1,1
C0748,11,1706.25,177,61,15,3,76,8,0
C0749,16,11640.16,90,101,24,8,4,9,1
C0750,11,13223.97,2,227,24,19,59,10,0
C0751,10,10533.78,12,195,15,11,19,3,0
C0752,9,12262.89,164,58,23,3,70,6,1
C0753,10,3492.32,13,195,11,8,4,10,0
C0754,6,4583.61,37,205,23,12,45,5,1
C0755,9,5088.79,126,210,11,11,9,9,1
C0756,2,789.3,145,107,27,0,30,1,1
C0757,8,6145.91,114,99,29,8,92,1,1
C0758,5,3920.11,4,123,19,20,37,0,0
C0759,4,9407.93,37,49,18,3,89,4,1
C0760,6,13358.95,67,149,8,0,83,0,1
C0761,8,660.1,110,249,6,12,48,4,1
C0762,4,14711.66,175,134,9,1,95,4,0
C0763,6,14024.16,108,27,9,4,73,5,1
C0764,9,10821.44,142,148,2,8,48,4,0
C0765,7,304.85,31,70,13,4,65,6,1
C0766,4,5226.33,119,193,21,13,2,0,0
C0767,13,3389.72,39,116,23,3,93,0,0
C0768,5,2617.61,69,93,6,7,16,2,0
C0769,8,2865.97,91,142,17,11,93,0,1
C0770,10,9424.45,139,176,4,5,26,10,0
C0771,6,7388.52,134,57,17,9,48,6,0
C0772,9,8678.81,29,249,30,7,33,9,1
C0773,10,12502.72,113,227,5,2,53,7,0
C0774,9,10381.48,159,235,9,0,15,2,1
C0775,12,8892.24,43,159,18,4,7,6,0
C0776,4,12373.29,11,198,12,7,22,4,1
C0777,9,11938.25,108,205,19,4,4,1,0
C0778,9,9586.52,125,139,1,14,73,5,1
C0779,7,13399.42,136,240,9,3,49,3,1
C0780,13,5206.67,70,205,19,3,27,4,0
C0781,9,6031.45,149,174,16,4,83,0,0
C0782,5,10421.31,159,21,15,6,59,5,1
C0783,9,7993.57,11,220,13,12,95,7,0
C0784,14,4028.1,112,111,8,1,52,1,1
C0785,1,2690.31,125,39,22,15,88,1,1
C0786,6,11016.85,50,119,27,3,27,0,1
C0787,8,8502.49,108,137,8,3,49,1,1
C0788,2,11057.05,64,220,3,17,82,2,1
C0789,3,11405.84,157,167,16,11,25,1,0
C0790,7,547.45,130,249,0,10,99,7,1
C0791,6,2573.73,41,137,1,12,64,1,1
C0792,9,12720.76,6,37,28,20,55,7,0
C0793,10,7594.66,38,29,14,12,59,9,0
C0794,12,1240.18,171,5,3,0,10,4,0
C0795,10,10480.89,120,160,12,14,61,5,1
C0796,10,2500.97,3,108,4,11,79,6,1
C0797,7,12289.64,68,59,2,16,52,2,1
C0798,4,5882.24,91,118,13,3,60,3,1
C0799,9,5696.12,75,106,19,20,47,4,1
C0800,8,13126.73,38,211,14,5,9,7,0
C0801,9,14430.8,159,232,4,8,36,5,0
C0802,6,3860.06,124,34,19,9,90,6,1
C0803,6,9704.29,11,154,1,2,78,2,1
C0804,2,11148.4,171,236,21,2,15,1,0
C0805,7,8006.24,86,180,30,6,11,4,0
C0806,5,5884.67,36,89,26,8,29,2,1
C0807,12,7991.3,166,92,0,16,58,3,1
C0808,8,5442.19,174,186,8,16,39,3,1
C0809,5,11896.39,4,187,21,14,92,0,0
C0810,7,13405.79,95,83,12,7,92,4,0
C0811,4,11391.73,82,55,13,10,25,1,0
C0812,11,6107.8,161,72,10,19,72,1,1
C0813,9,3173.61,121,156,1,0,15,8,1
C0814,9,7550.99,164,162,2,8,83,2,1
C0815,9,1001.69,98,16,8,11,94,5,0
C0816,13,2989.71,43,78,22,14,46,6,1
C0817,12,5721.37,59,200,10,2,42,9,0
C0818,8,5640.86,46,74,30,8,36,0,0
C0819,6,2765.84,28,150,8,17,82,2,1
C0820,13,8100.24,172,164,2,13,50,5,1
C0821,7,13645.04,62,111,30,5,5,0,1
C0822,13,13486.74,58,220,15,16,90,1,1
C0823,9,7791.92,58,159,22,6,86,2,1
C0824,14,4468.96,87,130,25,6,75,4,0
C0825,11,14678.85,177,154,12,2,94,4,0
C0826,4,1020.76,110,86,6,4,17,2,0
C0827,8,11993.13,130,231,16,8,37,5,1
C0828,7,5667.9,172,238,24,0,80,7,1
C0829,12,8885.86,163,241,9,1,61,7,1
C0830,7,12440.07,14,55,10,13,81,1,1
C0831,6,9402.0,45,203,0,2,53,1,1
C0832,9,386.69,140,120,3,9,54,1,0
C0833,8,10701.03,155,218,21,16,99,3,1
C0834,10,3819.99,27,76,5,10,94,9,0
C0835,6,3991.17,108,118,8,7,33,5,1
C0836,6,3595.88,121,176,15,9,60,0,1
C0837,10,5797.36,37,192,0,15,31,8,0
C0838,7,14355.64,147,96,18,16,83,1,0
C0839,6,4501.82,112,56,6,2,52,3,0
C0840,10,3552.16,157,138,19,0,53,7,0
C0841,7,3347.5,84,154,8,20,38,5,0
C0842,12,11860.74,72,113,21,14,13,6,1
C0843,5,8676.48,163,55,4,6,72,2,1
C0844,11,318.47,163,207,7,17,50,2,1
C0845,6,8135.74,2,221,30,17,78,3,1
C0846,9,544.6,51,7,1,1,32,3,1
C0847,6,1436.61,62,79,30,14,67,4,1
C0848,5,2036.02,36,47,17,17,75,0,1
C0849,8,6927.59,166,18,6,1,97,4,1
C0850,12,7538.61,3,56,14,0,43,1,1
C0851,7,11964.76,126,88,21,13,28,3,1
C0852,14,1620.91,42,49,29,10,36,5,0
C0853,1,8885.37,7,48,11,6,67,1,0
C0854,5,9484.27,69,195,1,7,79,5,0
C0855,7,11315.13,129,55,9,13,22,2,0
C0856,9,6919.11,99,85,12,5,59,4,1
C0857,12,5071.09,132,107,13,13,19,1,1
C0858,4,1078.45,42,198,6,20,82,2,0
C0859,14,1266.92,160,55,23,9,64,8,1
C0860,6,1425.56,147,180,20,13,93,3,1
C0861,7,11428.39,39,46,16,13,92,2,1
C0862,14,395.57,84,229,30,7,59,6,0
C0863,8,10759.14,7,79,20,5,20,5,0
C0864,5,13375.5,52,97,20,14,4,0,0
C0865,8,2347.8,60,168,2,14,98,1,0
C0866,11,13563.54,29,20,4,4,31,4,0
C0867,15,7182.21,84,29,7,14,34,2,0
C0868,12,6083.18,127,209,9,20,53,10,1
C0869,12,13929.6,132,141,0,0,36,9,0
C0870,2,11046.23,99,214,8,15,86,2,1
C0871,8,11801.86,132,224,25,3,17,4,0
C0872,5,6056.55,57,101,22,11,12,4,0
C0873,6,3549.64,20,52,17,12,71,1,0
C0874,9,7800.79,144,22,18,11,3,9,1
C0875,6,975.65,124,128,26,15,95,6,0
C0876,6,6188.15,82,14,2,2,24,0,0
C0877,6,10755.04,31,249,0,19,81,3,0
C0878,12,2111.35,80,221,9,13,64,5,1
C0879,11,527.85,1,177,21,17,80,6,0
C0880,9,3044.41,167,169,30,6,86,5,1
C0881,10,4762.99,134,101,27,17,39,10,1
C0882,6,8748.14,135,185,16,8,96,5,0
C0883,9,13759.57,173,217,4,8,62,2,1
C0884,11,10959.49,47,47,19,0,94,6,1
C0885,7,2883.86,2,138,30,13,67,1,0
C0886,10,6913.47,46,200,24,8,82,2,1
C0887,6,9903.37,104,95,27,7,14,1,0
C0888,7,14953.33,3,225,23,7,12,3,0
C0889,10,1624.68,50,51,22,18,92,2,0
C0890,8,1110.72,62,206,28,8,21,4,1
C0891,10,9360.79,156,220,14,6,34,1,0
C0892,12,2050.88,86,75,12,12,53,6,1
C0893,6,12823.38,25,117,2,18,32,0,1
C0894,8,9950.11,175,88,23,4,68,0,1
C0895,10,5714.25,57,205,16,20,24,3,0
C0896,3,6676.98,113,196,3,3,24,0,1
C0897,4,10581.14,80,155,6,15,10,0,0
C0898,4,7560.61,153,159,10,4,34,2,1
C0899,11,8462.0,124,155,0,7,43,4,0
C0900,11,7296.85,155,87,25,4,12,6,0
C0901,16,1198.21,104,111,21,3,80,3,1
C0902,11,13412.78,163,182,7,11,86,4,0
C0903,10,10261.8,178,121,27,8,7,3,1
C0904,14,3247.62,50,115,3,14,61,1,0
C0905,5,983.82,48,66,17,1,28,5,1
C0906,5,14704.8,23,224,3,6,83,4,0
C0907,12,10983.31,85,145,8,12,30,8,0
C0908,10,4942.05,108,170,21,20,30,6,0
C0909,9,13258.51,70,238,3,8,17,6,0
C0910,4,4505.49,21,133,28,2,13,3,1
C0911,8,14567.16,58,40,27,3,4,5,0
C0912,7,1092.58,158,76,8,18,78,6,0
C0913,7,7448.4,50,161,6,4,94,7,0
C0914,4,510.96,140,145,1,8,32,4,1
C0915,5,2831.17,68,171,16,10,3,1,0
C0916,10,14264.65,42,140,1,20,80,5,0
C0917,8,1589.14,66,42,0,2,78,2,0
C0918,8,14376.78,91,220,18,8,35,5,1
C0919,8,5071.67,50,140,27,11,98,3,0
C0920,9,1553.03,84,125,24,20,65,2,1
C0921,13,11745.15,108,154,2,0,28,7,0
C0922,6,2182.75,40,169,30,19,18,0,0
C0923,5,8807.15,170,174,14,19,45,0,1
C0924,6,9988.21,122,57,25,3,46,2,0
C0925,7,5491.65,170,102,13,7,71,3,1
C0926,7,7496.99,68,95,27,3,97,0,0
C0927,9,9098.0,180,224,16,8,22,1,0
C0928,5,7131.68,59,196,21,7,72,0,0
C0929,6,2610.29,108,200,4,7,71,4,1
C0930,7,5797.79,123,89,17,8,5,0,1
C0931,11,14863.22,59,126,20,2,15,1,0
C0932,7,8031.57,69,246,7,13,99,3,1
C0933,10,7091.12,62,182,10,3,85,10,0
C0934,12,906.62,42,218,0,14,36,4,0
C0935,12,12875.37,143,158,6,2,58,9,1
C0936,10,2340.97,91,43,12,3,97,7,0
C0937,8,10828.48,18,41,10,1,82,6,0
C0938,5,7159.69,99,240,14,15,72,2,1
C0939,5,8885.43,110,8,0,4,25,0,1
C0940,9,14240.4,86,132,1,14,49,6,1
C0941,7,6757.95,154,119,12,13,68,3,1
C0942,12,4131.68,3,97,2,14,22,2,0
C0943,13,14871.62,76,239,30,16,7,2,0
C0944,8,10948.05,65,155,30,18,64,2,0
C0945,11,5967.77,156,157,28,8,32,5,0
C0946,6,5488.41,104,194,7,6,78,5,0
C0947,5,13705.81,155,182,17,19,50,5,1
C0948,13,2083.76,44,133,17,18,55,3,1
C0949,8,4231.45,86,137,28,5,54,0,0
C0950,13,11227.41,170,114,15,7,34,2,1
C0951,6,1480.95,125,6,3,1,73,2,0
C0952,8,14407.57,68,130,10,8,63,5,1
C0953,9,1277.36,68,192,28,13,4,8,1
C0954,4,3901.63,139,188,13,12,88,4,1
C0955,4,4289.44,24,207,6,0,43,3,1
C0956,7,2500.26,48,44,23,17,96,3,0
C0957,3,10575.03,60,183,3,12,74,2,0
C0958,9,1779.47,86,190,21,9,91,5,1
C0959,10,505.52,163,61,14,3,80,9,1
C0960,8,1572.6,151,94,11,8,47,5,1
C0961,8,3517.37,134,22,18,19,52,1,0
C0962,2,7745.0,32,247,8,3,37,2,0
C0963,12,9850.05,104,234,14,14,38,10,0
C0964,7,13766.3,116,194,5,17,93,3,1
C0965,7,7359.05,47,169,1,15,30,4,1
C0966,6,1468.53,35,110,27,7,33,3,0
C0967,5,477.84,110,156,17,10,19,2,1
C0968,8,13993.52,80,191,3,5,96,7,1
C0969,9,14728.1,173,25,13,4,23,6,0
C0970,7,1187.08,15,185,15,7,71,3,1
C0971,4,6853.58,143,195,26,15,66,2,0
C0972,10,13460.83,92,187,0,12,68,0,1
C0973,8,9076.81,60,248,10,19,35,5,0
C0974,8,8482.11,83,132,13,13,30,0,0
C0975,12,4244.47,45,106,15,17,82,10,0
C0976,7,10818.87,143,195,16,10,51,3,1
C0977,4,9051.76,62,207,6,7,52,0,1
C0978,7,5757.15,164,64,12,7,8,2,0
C0979,7,8004.12,23,87,13,9,32,4,0
C0980,8,12016.28,156,34,26,4,40,2,1
C0981,6,13112.48,112,58,15,8,19,4,1
C0982,10,5180.16,125,192,22,6,48,3,1
C0983,9,14313.16,23,81,8,6,95,0,1
C0984,9,10481.7,89,24,16,3,91,2,0
C0985,9,6295.59,139,232,5,6,50,7,0
C0986,15,10896.98,135,166,6,6,42,5,1
C0987,9,382.81,106,175,25,5,75,3,1
C0988,6,4351.21,168,244,19,6,18,6,0
C0989,4,5423.94,158,131,6,20,16,1,1
C0990,8,13824.76,37,34,28,1,65,6,0
C0991,4,11890.16,37,223,27,2,61,2,1
C0992,8,13554.17,146,69,11,8,43,4,1
C0993,8,9848.43,140,31,13,6,62,4,0
C0994,7,7793.33,77,63,28,3,67,1,1
C0995,9,6815.88,68,238,2,8,14,0,1
C0996,9,3543.5,36,60,14,6,41,1,1
C0997,6,3993.51,71,158,15,7,91,2,0
C0998,9,6854.55,8,166,6,16,97,9,0
C0999,7,7814.85,155,212,30,17,26,1,0
C1000,9,5965.43,122,156,0,17,47,7,0
